{"cameraMode":{"drawMode":0,"name":"Shaded","section":"Shading Mode"},"sceneLighting":false,"audioPlay":false,"sceneViewState":{"showFog":false,"showMaterialUpdate":false,"showSkybox":false,"showFlares":false,"showImageEffects":false,"showParticleSystems":true},"in2DMode":false,"pivot":{"x":-0.049141526222229007,"y":0.7171846628189087,"z":-0.03850424289703369},"rotation":{"x":-0.033520836383104327,"y":-0.9597664475440979,"z":0.13067620992660523,"w":-0.2465009093284607},"size":4.394787788391113,"orthographic":false}